"id","player_id","type","amount","game_name"
"1","5000","bet","178.64","poker"
"2","52364","bet","441.49","poker"
"3","75698413","bet","325.18","poker"
"4","8642198","bet","400.05","blackjack"
"5","5000","win","239.56","roulette"
"6","2356984","bet","327.09","roulette"
"7","9413831","win","33.38","blackjack"
"8","5000","bet","136.86","poker"
"9","32659745","win","17.95","blackjack"
"10","52364","win","498.98","roulette"
"11","195678","bet","112.45","blackjack"
"12","854397","bet","414.32","blackjack"
"13","5000","bet","73.11","poker"
"14","5000","bet","263.21","roulette"
"15","5000","bet","446.67","blackjack"
"16","5000","bet","247.01","roulette"
"17","5000","bet","281.64","roulette"
"18","7598314","bet","436.52","blackjack"
"19","854397","win","63.43","poker"
"20","52364","bet","211.09","roulette"
"21","3654782","win","214.24","poker"
"22","5000","bet","96.37","blackjack"
"23","5000","bet","189.41","poker"
"24","3654782","bet","245.38","poker"
"25","4523409","bet","345.37","poker"
"26","5000","bet","319.93","poker"
"27","4523409","bet","55.12","poker"
"28","75698413","bet","22.62","poker"
"29","5024359","bet","34.69","blackjack"
"30","5000","bet","138.01","blackjack"
"31","5000","bet","394.2","roulette"
"32","9029506","bet","416.5","roulette"
"33","52364","bet","474.27","blackjack"
"34","852334","bet","225.26","poker"
"35","852334","win","49.64","blackjack"
"36","5000","win","499.5","poker"
"37","33224346","win","195.11","poker"
"38","3654782","bet","105.92","blackjack"
"39","9413831","bet","84.15","poker"
"40","5000","bet","413.86","roulette"
"41","105893","bet","423.74","blackjack"
"42","52364","bet","232.07","blackjack"
"43","2193418","bet","133.28","blackjack"
"44","75698413","bet","492.19","poker"
"45","5000","bet","301.87","blackjack"
"46","2193418","bet","292.25","poker"
"47","854397","bet","459.57","poker"
"48","52364","bet","103.18","poker"
"49","2193418","bet","443.23","blackjack"
"50","5000","bet","431.23","blackjack"
"51","9147566","bet","174.9","poker"
"52","8642198","win","437.88","poker"
"53","1584178","bet","202.01","blackjack"
"54","1584178","win","3.05","poker"
"55","5000","bet","220.36","poker"
"56","1584178","bet","124.26","roulette"
"57","8691338","bet","33.8","blackjack"
"58","1584178","bet","89.7","roulette"
"59","5000","bet","441.75","poker"
"60","56981246","win","421.55","poker"
"61","9413831","bet","323.12","roulette"
"62","105893","bet","497.08","poker"
"63","8642198","bet","170.71","poker"
"64","8642198","bet","107.62","poker"
"65","1584178","win","186.34","roulette"
"66","2356984","win","365.76","poker"
"67","5000","bet","155.04","roulette"
"68","1584178","bet","444.5","poker"
"69","2356984","win","204.88","poker"
"70","9147566","win","171.77","roulette"
"71","854397","bet","456.77","roulette"
"72","5000","bet","19.41","blackjack"
"73","14274736","win","129.21","poker"
"74","8642198","bet","183.04","roulette"
"75","52364","bet","247.65","blackjack"
"76","195678","bet","249.3","roulette"
"77","5000","win","390.28","poker"
"78","8691338","win","257.12","roulette"
"79","52364","bet","108.47","roulette"
"80","7598314","bet","468.64","poker"
"81","8691338","bet","101.35","blackjack"
"82","5000","bet","9.3","blackjack"
"83","52364","bet","141.34","blackjack"
"84","4523409","bet","177.24","poker"
"85","9413831","win","410.5","poker"
"86","852334","bet","466.13","poker"
"87","5024359","bet","463.18","roulette"
"88","52364","bet","332.62","poker"
"89","9029506","win","322.04","poker"
"90","52364","bet","315.34","poker"
"91","7598314","bet","455.12","blackjack"
"92","9029506","win","430.19","blackjack"
"93","3654782","bet","100.87","roulette"
"94","33224346","bet","270.38","blackjack"
"95","9413831","win","354.74","poker"
"96","9413831","bet","157.6","roulette"
"97","33224346","bet","458.81","roulette"
"98","8691338","bet","402.23","poker"
"99","52364","bet","465.57","poker"
"100","8691338","bet","203.65","poker"
"101","75698413","bet","39.57","poker"
"102","8691338","bet","394.45","blackjack"
"103","8691338","bet","28.09","poker"
"104","854397","win","354.94","roulette"
"105","2193418","win","250.91","poker"
"106","52364","bet","223.51","poker"
"107","854397","bet","214.54","roulette"
"108","8691338","win","346.65","poker"
"109","8691338","bet","156.13","poker"
"110","52364","bet","245.96","poker"
"111","8691338","bet","10.86","roulette"
"112","9413831","bet","254.93","blackjack"
"113","8691338","bet","479.1","poker"
"114","52364","bet","82.49","poker"
"115","1584178","bet","382.04","blackjack"
"116","8691338","bet","411.76","blackjack"
"117","56981246","bet","455.54","roulette"
"118","8642198","win","421.21","blackjack"
"119","105893","win","4.87","poker"
"120","52364","bet","309.16","poker"
"121","8642198","bet","480.03","blackjack"
"122","14274736","bet","125.25","blackjack"
"123","32659745","win","54.2","blackjack"
"124","2356984","win","28.71","roulette"
"125","2356984","bet","449.64","poker"
"126","52364","bet","443.09","blackjack"
"127","9147566","bet","99.94","poker"
"128","14274736","bet","97.57","poker"
"129","854397","bet","240.66","poker"
"130","8691338","bet","26.86","poker"
"131","52364","bet","113.5","poker"
"132","8691338","bet","260.42","roulette"
"133","195678","bet","462.11","roulette"
"134","8691338","win","473.48","roulette"
"135","854397","bet","81.63","blackjack"
"136","8691338","win","424.37","blackjack"
"137","52364","bet","67.2","poker"
"138","8691338","bet","498","blackjack"
"139","4523409","bet","230.95","poker"
"140","7598314","win","306.24","blackjack"
"141","854397","bet","89.04","poker"
"142","8691338","bet","22.09","blackjack"
"143","52364","bet","354.14","blackjack"
"144","5024359","win","489.4","blackjack"
"145","852334","bet","69.7","poker"
"146","854397","bet","146.72","blackjack"
"147","3654782","bet","96.15","blackjack"
"148","52364","bet","460.04","poker"
"149","9029506","bet","488.65","blackjack"
"150","9029506","bet","356.56","poker"
"151","8691338","bet","156.83","blackjack"
"152","52364","bet","488.67","poker"
"153","3654782","bet","480.88","poker"
"154","33224346","win","99.64","blackjack"
"155","2193418","bet","9.32","roulette"
"156","52364","bet","459.18","poker"
"157","8691338","bet","71.23","blackjack"
"158","75698413","bet","331.75","poker"
"159","8691338","bet","435.83","blackjack"
"160","8691338","win","479.02","roulette"
"161","2193418","bet","293.37","blackjack"
"162","52364","bet","63.97","poker"
"163","9147566","bet","210.09","roulette"
"164","8691338","win","158.26","blackjack"
"165","8691338","bet","299.24","blackjack"
"166","854397","win","256.2","roulette"
"167","8691338","bet","489.63","blackjack"
"168","8691338","bet","41.9","poker"
"169","9413831","bet","18.16","blackjack"
"170","8691338","bet","269.44","roulette"
"171","52364","bet","151.72","blackjack"
"172","1584178","win","114.71","roulette"
"173","8691338","bet","458.82","roulette"
"174","56981246","bet","325.55","blackjack"
"175","8642198","win","40.98","blackjack"
"176","105893","bet","66.4","blackjack"
"177","8642198","bet","381.47","blackjack"
"178","8691338","bet","396.4","roulette"
"179","2356984","bet","131.19","blackjack"
"180","32659745","win","189.57","poker"
"181","52364","bet","237.81","poker"
"182","8691338","bet","164.53","poker"
"183","14274736","bet","487.04","poker"
"184","2356984","bet","489.49","poker"
"185","8691338","bet","194.81","roulette"
"186","14274736","bet","29.14","blackjack"
"187","854397","bet","436.38","roulette"
"188","52364","win","189.76","poker"
"189","8691338","win","268.67","blackjack"
"190","195678","win","286.93","poker"
"191","8691338","bet","452.33","blackjack"
"192","7598314","bet","69.69","blackjack"
"193","8691338","bet","51.71","blackjack"
"194","854397","bet","326.36","poker"
"195","4523409","win","43.11","roulette"
"196","52364","win","13.43","poker"
"197","9147566","win","392.89","blackjack"
"198","8691338","win","418.31","roulette"
"199","8691338","bet","251.99","blackjack"
"200","52364","bet","231.58","poker"
"201","5024359","bet","118.46","blackjack"
"202","852334","win","311.38","blackjack"
"203","9413831","bet","2.87","blackjack"
"204","8691338","bet","276.91","poker"
"205","33224346","win","113.89","roulette"
"206","9029506","win","208.13","poker"
"207","52364","bet","428.35","roulette"
"208","9147566","win","494.64","poker"
"209","854397","win","388.88","poker"
"210","3654782","bet","357.51","roulette"
"211","9029506","bet","124.98","poker"
"212","2193418","bet","31.76","blackjack"
"213","52364","bet","495.83","roulette"
"214","2193418","win","410.81","poker"
"215","75698413","bet","428.6","roulette"
"216","8691338","bet","65.17","blackjack"
"217","8691338","bet","102.97","poker"
"218","854397","bet","112.28","poker"
"219","8691338","bet","437.54","poker"
"220","52364","bet","66","poker"
"221","8691338","bet","206.83","blackjack"
"222","8691338","bet","499.2","blackjack"
"223","52364","bet","382.19","poker"
"224","8691338","bet","211.92","blackjack"
"225","8691338","bet","367.88","blackjack"
"226","8691338","bet","147.83","blackjack"
"227","2356984","bet","281.95","blackjack"
"228","1584178","bet","74.32","poker"
"229","854397","bet","226.24","poker"
"230","1584178","bet","186.52","blackjack"
"231","56981246","bet","65.24","blackjack"
"232","52364","bet","270.15","poker"
"233","105893","bet","206.88","blackjack"
"234","8642198","bet","107.2","poker"
"235","8691338","bet","237.71","blackjack"
"236","8642198","win","263.24","roulette"
"237","32659745","win","7.54","poker"
"238","52364","win","283.91","poker"
"239","8691338","win","188.43","poker"
"240","8691338","bet","143.75","blackjack"
"241","52364","win","261.91","roulette"
"242","14274736","bet","54.27","poker"
"243","8691338","bet","371.59","roulette"
"244","8691338","bet","45.94","poker"
"245","14274736","win","483.17","poker"
"246","52364","bet","456.21","blackjack"
"247","195678","bet","90.64","poker"
"248","7598314","bet","452.14","poker"
"249","8691338","bet","135.34","poker"
"250","8691338","bet","55.63","roulette"
"251","9413831","bet","365.45","blackjack"
"252","4523409","bet","459.94","poker"
"253","8691338","bet","250.46","poker"
"254","854397","bet","9.29","roulette"
"255","8691338","win","139.96","blackjack"
"256","9413831","bet","136.61","poker"
"257","8691338","bet","196.05","blackjack"
"258","5024359","bet","255","poker"
"259","52364","bet","195.2","roulette"
"260","852334","bet","204.34","blackjack"
"261","8691338","bet","30.74","blackjack"
"262","33224346","bet","31.33","poker"
"263","52364","bet","406.72","poker"
"264","8691338","bet","207.16","poker"
"265","9147566","bet","115.32","roulette"
"266","195678","win","399.98","poker"
"267","3654782","bet","80.96","roulette"
"268","9029506","bet","295.09","roulette"
"269","854397","win","91.26","poker"
"270","9147566","bet","139.45","blackjack"
"271","2193418","bet","16.11","roulette"
"272","75698413","win","347.8","blackjack"
"273","2193418","bet","261.97","blackjack"
"274","8691338","win","120.64","poker"
"275","8691338","bet","14.6","blackjack"
"276","854397","win","341.46","poker"
"277","8691338","win","276.07","roulette"
"278","195678","bet","280.59","poker"
"279","854397","win","202.41","roulette"
"280","8691338","bet","378.15","blackjack"
"281","8691338","bet","427.46","blackjack"
"282","854397","bet","469.99","roulette"
"283","8691338","bet","14.95","poker"
"284","52364","bet","235.74","roulette"
"285","8691338","bet","38.61","poker"
"286","8642198","bet","439.53","poker"
"287","1584178","bet","340.4","poker"
"288","56981246","win","290.77","blackjack"
"289","2356984","bet","465.13","blackjack"
"290","105893","bet","116.68","blackjack"
"291","1584178","bet","477.21","poker"
"292","14274736","bet","285.01","blackjack"
"293","8642198","win","223.91","roulette"
"294","32659745","bet","441.83","roulette"
"295","980444","bet","395.6","blackjack"
"296","32659745","bet","371.81","blackjack"
"297","980444","bet","194.28","poker"
"298","14274736","bet","150.77","poker"
"299","33224346","bet","121.45","blackjack"
"300","52364","bet","290.11","blackjack"
"301","1584178","bet","84.88","poker"
"302","8691338","bet","373.33","roulette"
"303","9413831","bet","33.28","poker"
"304","195678","bet","383.61","roulette"
"305","7598314","win","486.42","roulette"
"306","8691338","bet","206.82","roulette"
"307","8691338","bet","170.96","roulette"
"308","854397","bet","389.64","blackjack"
"309","9413831","bet","470.51","blackjack"
"310","4523409","bet","284.97","poker"
"311","8691338","bet","254.43","roulette"
"312","7598314","win","268.66","poker"
"313","52364","win","83.68","blackjack"
"314","8691338","win","80.02","poker"
"315","5024359","bet","272.08","poker"
"316","854397","bet","403.08","blackjack"
"317","852334","bet","224.14","roulette"
"318","52364","bet","168.65","blackjack"
"319","33224346","bet","220.57","poker"
"320","980444","win","1.84","roulette"
"321","980444","bet","79.11","blackjack"
"322","854397","win","21.67","poker"
"323","980444","bet","115.89","blackjack"
"324","3654782","bet","66.15","blackjack"
"325","52364","win","413.97","blackjack"
"326","9029506","bet","147.56","blackjack"
"327","9147566","win","395.06","blackjack"
"328","980444","bet","292.04","roulette"
"329","75698413","win","223.42","roulette"
"330","2193418","bet","430.34","poker"
"331","980444","bet","162.93","poker"
"332","9147566","bet","471.8","poker"
"333","2193418","bet","25.22","blackjack"
"334","854397","bet","388.16","roulette"
"335","980444","bet","410.82","blackjack"
"336","52364","bet","368.73","poker"
"337","9147566","bet","483.47","poker"
"338","980444","bet","347.82","poker"
"339","980444","bet","326.35","poker"
"340","854397","win","294.7","poker"
"341","980444","bet","218.91","poker"
"342","980444","bet","483.08","poker"
"343","8642198","win","28.94","roulette"
"344","980444","bet","256.47","roulette"
"345","56981246","bet","354.83","blackjack"
"346","2356984","bet","450.86","poker"
"347","105893","bet","88.19","blackjack"
"348","1584178","bet","182.46","roulette"
"349","52364","bet","383.99","blackjack"
"350","980444","bet","109.05","poker"
"351","980444","bet","46.64","blackjack"
"352","1584178","win","109.98","blackjack"
"353","32659745","bet","30.02","poker"
"354","980444","bet","276.66","roulette"
"355","14274736","win","438.57","roulette"
"356","33224346","bet","441.98","poker"
"357","1584178","bet","457.59","poker"
"358","32659745","bet","389.38","poker"
"359","14274736","win","328.58","poker"
"360","980444","bet","19.53","poker"
"361","195678","bet","230.06","poker"
"362","7598314","bet","403.89","blackjack"
"363","980444","bet","431.47","blackjack"
"364","52364","win","94.21","blackjack"
"365","980444","bet","459.92","blackjack"
"366","9413831","bet","86.5","blackjack"
"367","4523409","bet","450.87","poker"
"368","980444","bet","251.61","poker"
"369","854397","bet","184.55","poker"
"370","980444","bet","317.29","poker"
"371","32659745","bet","404.59","poker"
"372","980444","bet","291.16","roulette"
"373","5024359","bet","487.73","poker"
"374","9413831","bet","408.61","poker"
"375","852334","bet","237.89","roulette"
"376","980444","bet","421.1","roulette"
"377","980444","bet","425.03","poker"
"378","52364","bet","45.41","poker"
"379","980444","bet","197.03","poker"
"380","3654782","bet","206.03","blackjack"
"381","854397","win","145.72","poker"
"382","9029506","bet","263.41","roulette"
"383","854397","win","263.71","poker"
"384","2193418","bet","71.51","blackjack"
"385","980444","bet","411.92","roulette"
"386","75698413","bet","364.84","roulette"
"387","980444","bet","110.57","poker"
"388","9147566","bet","374.85","blackjack"
"389","2193418","bet","165.99","poker"
"390","854397","bet","322.25","roulette"
"391","9147566","bet","116.39","poker"
"392","9147566","win","48.19","poker"
"393","980444","bet","162.31","blackjack"
"394","52364","win","236.32","poker"
"395","980444","bet","154.1","blackjack"
"396","854397","bet","191.55","roulette"
"397","980444","bet","295.33","roulette"
"398","980444","bet","254.72","blackjack"
"399","980444","bet","315.59","roulette"
"400","8642198","bet","304.66","poker"
"401","980444","bet","484.98","blackjack"
"402","56981246","bet","148.09","blackjack"
"403","2356984","bet","378.69","blackjack"
"404","105893","bet","211.08","blackjack"
"405","2356984","bet","322.8","blackjack"
"406","1584178","win","343.71","roulette"
"407","980444","bet","303.92","poker"
"408","854397","bet","365.2","blackjack"
"409","980444","bet","345.41","roulette"
"410","854397","bet","393.76","blackjack"
"411","52364","bet","340.4","blackjack"
"412","980444","bet","421","poker"
"413","33224346","bet","381.56","blackjack"
"414","32659745","bet","419.65","blackjack"
"415","14274736","bet","406.05","poker"
"416","14274736","bet","154.62","blackjack"
"417","7598314","bet","378.6","poker"
"418","9413831","win","395.82","roulette"
"419","195678","bet","66.93","blackjack"
"420","980444","bet","484.6","blackjack"
"421","9413831","bet","260.93","blackjack"
"422","980444","bet","336.37","blackjack"
"423","980444","bet","443.82","blackjack"
"424","4523409","bet","31.97","blackjack"
"425","980444","bet","355.15","blackjack"
"426","854397","bet","50.09","poker"
"427","980444","win","279.08","poker"
"428","32659745","bet","364.59","poker"
"429","52364","bet","251.42","roulette"
"430","5024359","bet","4.93","poker"
"431","980444","bet","356.56","roulette"
"432","852334","bet","383.07","blackjack"
"433","52364","bet","76.64","blackjack"
"434","980444","win","287.95","poker"
"435","980444","bet","421.77","poker"
"436","980444","bet","340.23","blackjack"
"437","3654782","bet","458.53","poker"
"438","195678","bet","142.85","poker"
"439","9029506","bet","162.12","poker"
"440","980444","bet","240.46","roulette"
"441","2193418","win","77.32","roulette"
"442","854397","bet","226.89","poker"
"443","75698413","bet","492.36","blackjack"
"444","980444","bet","138.77","blackjack"
"445","195678","bet","488.89","blackjack"
"446","2193418","bet","154.93","roulette"
"447","9147566","win","22.77","poker"
"448","980444","bet","241.99","poker"
"449","2193418","bet","365.84","poker"
"450","854397","bet","316.91","blackjack"
"451","195678","bet","320.56","blackjack"
"452","9147566","bet","330.71","poker"
"453","980444","bet","331.07","blackjack"
"454","854397","bet","365.56","poker"
"455","980444","bet","468.69","poker"
"456","9147566","bet","343.34","roulette"
"457","8642198","bet","405.73","roulette"
"458","980444","bet","43.5","blackjack"
"459","56981246","win","385.84","poker"
"460","8642198","bet","251.11","blackjack"
"461","105893","bet","496.28","roulette"
"462","2356984","win","224.83","roulette"
"463","1584178","win","280.47","poker"
"464","2356984","bet","279.78","blackjack"
"465","980444","win","44.03","poker"
"466","105893","bet","326.14","poker"
"467","2356984","win","153.36","roulette"
"468","980444","win","108.43","poker"
"469","33224346","bet","474.49","poker"
"470","32659745","win","30.99","blackjack"
"471","8642198","bet","206.03","roulette"
"472","14274736","bet","378.08","blackjack"
"473","1584178","bet","414.2","poker"
"474","7598314","win","30.62","blackjack"
"475","9413831","bet","418.42","roulette"
"476","195678","bet","215.07","poker"
"477","1584178","bet","143.52","poker"
"478","980444","bet","391.44","blackjack"
"479","1584178","bet","264.9","roulette"
"480","52364","bet","314.9","poker"
"481","4523409","bet","295.08","poker"
"482","980444","bet","139.14","poker"
"483","195678","bet","205.54","blackjack"
"484","980444","bet","292.91","poker"
"485","5024359","bet","173.43","roulette"
"486","980444","win","202.51","blackjack"
"487","5024359","win","323.41","poker"
"488","52364","bet","135.46","roulette"
"489","980444","bet","231.54","poker"
"490","852334","bet","9.77","blackjack"
"491","980444","bet","465.86","blackjack"
"492","980444","bet","223.45","blackjack"
"493","195678","bet","194.99","roulette"
"494","3654782","bet","394","poker"
"495","980444","bet","427.02","blackjack"
"496","9029506","bet","437.49","poker"
"497","52364","bet","258.52","roulette"
"498","980444","win","248.12","blackjack"
"499","980444","bet","392.56","roulette"
"500","75698413","bet","126.44","blackjack"
"501","2193418","bet","436.27","poker"
"502","9147566","bet","280.54","roulette"
"503","980444","win","392.84","blackjack"
"504","980444","bet","35.72","blackjack"
"505","2193418","bet","37.41","poker"
"506","195678","bet","199.38","roulette"
"507","9147566","bet","314.46","blackjack"
"508","980444","bet","498.79","poker"
"509","9147566","bet","69.71","blackjack"
"510","980444","bet","484.38","blackjack"
"511","52364","win","313.09","poker"
"512","980444","bet","142.65","poker"
"513","980444","bet","389.58","blackjack"
"514","9147566","win","382.33","roulette"
"515","980444","bet","25.37","poker"
"516","56981246","win","95.53","poker"
"517","2356984","win","396.98","poker"
"518","980444","bet","107.52","blackjack"
"519","980444","bet","237.63","poker"
"520","105893","bet","97.03","roulette"
"521","980444","bet","426.14","poker"
"522","980444","bet","377.13","roulette"
"523","105893","bet","70.06","roulette"
"524","52364","bet","312.4","blackjack"
"525","52364","bet","403.75","roulette"
"526","33224346","bet","306.5","blackjack"
"527","32659745","win","412.23","poker"
"528","8642198","bet","422.61","poker"
"529","14274736","bet","373.94","roulette"
"530","7598314","bet","127.25","blackjack"
"531","37496230","win","114.3","poker"
"532","8642198","bet","262.23","blackjack"
"533","195678","win","254.5","blackjack"
"534","980444","bet","438.95","poker"
"535","1584178","bet","256.34","poker"
"536","52364","bet","419.17","poker"
"537","4523409","bet","27.19","roulette"
"538","9413831","bet","86.32","poker"
"539","1584178","bet","320.17","poker"
"540","195678","bet","311.76","blackjack"
"541","980444","bet","367.49","blackjack"
"542","5024359","bet","256.17","poker"
"543","980444","bet","114.04","poker"
"544","9413831","bet","38.52","blackjack"
"545","980444","win","176.86","blackjack"
"546","37496230","bet","54.24","poker"
"547","852334","bet","431.76","blackjack"
"548","37496230","bet","416.2","blackjack"
"549","195678","bet","146.7","poker"
"550","37496230","bet","266.07","roulette"
"551","3654782","bet","194.94","poker"
"552","9029506","bet","45.91","blackjack"
"553","52364","win","85.77","blackjack"
"554","37496230","win","227.22","blackjack"
"555","9147566","win","81.65","poker"
"556","2193418","win","95.26","roulette"
"557","75698413","bet","476.57","poker"
"558","2193418","bet","130.94","roulette"
"559","9147566","bet","473.26","roulette"
"560","37496230","bet","342.4","poker"
"561","37496230","bet","139.2","blackjack"
"562","195678","bet","264.74","poker"
"563","2193418","bet","29.05","roulette"
"564","9147566","bet","90.01","poker"
"565","1584178","bet","33.89","blackjack"
"566","37496230","bet","230.58","poker"
"567","9147566","bet","183.97","poker"
"568","1584178","bet","93.77","poker"
"569","37496230","bet","23.22","blackjack"
"570","9147566","bet","69.84","blackjack"
"571","52364","bet","454.11","roulette"
"572","37496230","bet","121.18","blackjack"
"573","56981246","win","440.25","blackjack"
"574","2356984","bet","314.54","blackjack"
"575","37496230","bet","286.81","poker"
"576","8642198","win","377.37","poker"
"577","105893","bet","7.5","blackjack"
"578","37496230","bet","48.21","blackjack"
"579","195678","bet","50.01","poker"
"580","37496230","bet","95.59","blackjack"
"581","37496230","win","308.53","poker"
"582","52364","bet","69.34","blackjack"
"583","33224346","bet","259.41","blackjack"
"584","32659745","bet","180.09","roulette"
"585","9147566","bet","59.98","blackjack"
"586","14274736","bet","34.38","roulette"
"587","7598314","bet","330.68","poker"
"588","9147566","bet","477.7","poker"
"589","8642198","bet","149.28","blackjack"
"590","195678","win","224.6","poker"
"591","14274736","bet","376.74","poker"
"592","9147566","bet","370.48","blackjack"
"593","2356984","bet","94.49","blackjack"
"594","4523409","bet","307.75","poker"
"595","37496230","win","288.03","roulette"
"596","37496230","bet","185.47","blackjack"
"597","2356984","win","78.55","blackjack"
"598","37496230","bet","239.86","roulette"
"599","5024359","bet","211.41","poker"
"600","37496230","win","20.56","blackjack"
"601","9413831","bet","310.88","roulette"
"602","195678","bet","429.89","roulette"
"603","852334","bet","31.45","poker"
"604","852334","bet","444.01","blackjack"
"605","37496230","bet","295","roulette"
"606","37496230","bet","444.31","poker"
"607","52364","bet","93.39","poker"
"608","3654782","bet","361.93","blackjack"
"609","9029506","bet","360.28","poker"
"610","37496230","win","406.29","blackjack"
"611","37496230","bet","177.21","poker"
"612","195678","win","19.53","roulette"
"613","37496230","win","183.08","poker"
"614","75698413","win","305.4","poker"
"615","2193418","win","11.32","roulette"
"616","37496230","bet","36.85","blackjack"
"617","195678","bet","98.5","blackjack"
"618","2193418","bet","64.81","poker"
"619","37496230","bet","105.57","poker"
"620","37496230","bet","463.83","poker"
"621","37496230","bet","110.95","poker"
"622","2193418","bet","61.71","poker"
"623","195678","bet","13.71","blackjack"
"624","2193418","bet","415.97","poker"
"625","1584178","bet","188.9","blackjack"
"626","37496230","bet","263.45","blackjack"
"627","37496230","bet","465.37","blackjack"
"628","52364","bet","184.22","poker"
"629","37496230","win","60.99","poker"
"630","56981246","bet","127.21","blackjack"
"631","2356984","bet","126.34","roulette"
"632","37496230","bet","181.07","roulette"
"633","8642198","bet","96.13","roulette"
"634","105893","win","106.57","roulette"
"635","1584178","bet","233.42","roulette"
"636","2356984","bet","53.49","blackjack"
"637","105893","bet","382.38","poker"
"638","195678","bet","381.21","poker"
"639","37496230","bet","277.46","blackjack"
"640","33224346","win","492.54","roulette"
"641","52364","bet","332.66","poker"
"642","9147566","bet","483.29","roulette"
"643","37496230","win","19.27","blackjack"
"644","7598314","bet","399.43","blackjack"
"645","37496230","bet","316.2","poker"
"646","32659745","bet","391.92","blackjack"
"647","14274736","bet","38.19","roulette"
"648","37496230","bet","429.43","poker"
"649","52364","bet","411.06","blackjack"
"650","9147566","bet","450.53","poker"
"651","4523409","bet","354.75","roulette"
"652","32659745","win","235.15","blackjack"
"653","9147566","bet","385.75","poker"
"654","2356984","bet","6.9","poker"
"655","9147566","win","222.34","blackjack"
"656","5024359","bet","20.05","roulette"
"657","37496230","bet","475.33","roulette"
"658","9413831","bet","403.18","poker"
"659","2356984","bet","145.82","blackjack"
"660","852334","bet","269.08","blackjack"
"661","37496230","bet","172.19","blackjack"
"662","37496230","bet","256.51","blackjack"
"663","52364","win","74.59","blackjack"
"664","37496230","bet","120.33","poker"
"665","52364","bet","374.98","blackjack"
"666","3654782","bet","337.82","poker"
"667","9029506","win","224.85","roulette"
"668","37496230","bet","16.57","poker"
"669","3654782","bet","435.71","roulette"
"670","37496230","bet","356.47","blackjack"
"671","75698413","win","211.43","poker"
"672","37496230","bet","401.41","blackjack"
"673","37496230","bet","246.73","blackjack"
"674","9147566","win","65.16","poker"
"675","2193418","win","143.91","blackjack"
"676","195678","bet","221.81","blackjack"
"677","2193418","bet","369.3","roulette"
"678","37496230","bet","263.4","poker"
"679","2193418","bet","162.91","roulette"
"680","37496230","win","16.23","poker"
"681","195678","bet","248.64","blackjack"
"682","37496230","bet","364.39","blackjack"
"683","37496230","bet","321.25","poker"
"684","52364","bet","233.34","blackjack"
"685","9147566","bet","253.55","poker"
"686","37496230","bet","357.32","blackjack"
"687","37496230","bet","30.92","blackjack"
"688","56981246","win","376.64","roulette"
"689","37496230","bet","435.83","poker"
"690","8642198","win","233.57","blackjack"
"691","37496230","bet","280.02","blackjack"
"692","1584178","win","394.61","roulette"
"693","1584178","win","420.05","blackjack"
"694","105893","bet","351.32","blackjack"
"695","195678","bet","117.46","poker"
"696","37496230","bet","11.37","roulette"
"697","33224346","bet","45.6","poker"
"698","52364","bet","491.15","poker"
"699","37496230","bet","494.74","blackjack"
"700","5024359","bet","265.52","blackjack"
"701","7598314","bet","197.48","blackjack"
"702","105893","win","34.68","poker"
"703","9413831","bet","60.15","blackjack"
"704","37496230","bet","440.73","poker"
"705","14274736","bet","471.88","roulette"
"706","2356984","bet","95.74","poker"
"707","14274736","win","16.92","blackjack"
"708","4523409","bet","103.49","blackjack"
"709","32659745","bet","220.5","blackjack"
"710","895756","bet","148.06","poker"
"711","14274736","bet","325.7","poker"
"712","32659745","bet","177.78","roulette"
"713","5024359","win","267.16","blackjack"
"714","14274736","bet","278.11","poker"
"715","9413831","bet","250.09","roulette"
"716","2356984","bet","78.91","poker"
"717","852334","bet","230.61","poker"
"718","7598314","bet","287.1","poker"
"719","852334","bet","348.34","poker"
"720","895756","bet","359.88","poker"
"721","895756","bet","324","poker"
"722","52364","bet","99.98","poker"
"723","9147566","win","192.53","blackjack"
"724","9029506","bet","249.13","roulette"
"725","3654782","win","159.15","poker"
"726","195678","bet","220.41","poker"
"727","895756","bet","347.17","blackjack"
"728","75698413","bet","14.53","blackjack"
"729","895756","bet","372.32","poker"
"730","52364","win","81.35","poker"
"731","895756","win","264.14","poker"
"732","895756","bet","56.89","poker"
"733","2193418","bet","231.96","poker"
"734","9147566","bet","376.27","poker"
"735","895756","bet","10.87","roulette"
"736","2193418","bet","92.7","blackjack"
"737","895756","bet","194.6","roulette"
"738","52364","bet","152.42","roulette"
"739","895756","bet","227.31","poker"
"740","1584178","bet","35.23","poker"
"741","75698413","win","321.54","blackjack"
"742","9147566","bet","306.28","poker"
"743","895756","bet","54.06","blackjack"
"744","895756","bet","472.02","poker"
"745","56981246","bet","405.01","blackjack"
"746","895756","win","252.58","roulette"
"747","8642198","bet","463.64","blackjack"
"748","895756","win","229.42","poker"
"749","1584178","bet","478.67","blackjack"
"750","8642198","bet","116.06","roulette"
"751","895756","bet","450.1","poker"
"752","195678","bet","74.97","blackjack"
"753","895756","win","272.96","poker"
"754","33224346","bet","11.42","blackjack"
"755","895756","bet","344.57","poker"
"756","52364","bet","32.86","blackjack"
"757","5024359","bet","116.23","blackjack"
"758","7598314","bet","340.92","poker"
"759","105893","bet","169.4","blackjack"
"760","9413831","win","487.75","blackjack"
"761","105893","win","41.34","poker"
"762","14274736","bet","83.56","poker"
"763","2356984","win","116.98","roulette"
"764","37496230","bet","246.41","poker"
"765","4523409","bet","86.81","poker"
"766","4523409","bet","497.88","blackjack"
"767","895756","bet","67.79","poker"
"768","895756","win","30.64","blackjack"
"769","32659745","bet","307.9","roulette"
"770","14274736","bet","441.96","poker"
"771","895756","win","488.12","blackjack"
"772","14274736","win","375.68","blackjack"
"773","895756","bet","188.5","poker"
"774","2356984","bet","425.01","poker"
"775","852334","bet","72.07","blackjack"
"776","852334","bet","101.33","blackjack"
"777","895756","win","184.05","poker"
"778","195678","bet","396.35","blackjack"
"779","9147566","bet","330.85","blackjack"
"780","9029506","bet","290.09","poker"
"781","2356984","bet","139.7","roulette"
"782","3654782","bet","174.17","poker"
"783","895756","bet","306.41","roulette"
"784","9147566","win","489.28","blackjack"
"785","75698413","bet","312.88","blackjack"
"786","895756","bet","433.87","blackjack"
"787","195678","win","129.88","roulette"
"788","895756","bet","437.89","poker"
"789","895756","win","52.75","poker"
"790","2193418","bet","486.34","poker"
"791","99676287","bet","376.96","poker"
"792","195678","bet","451.92","poker"
"793","2193418","bet","141.72","roulette"
"794","99676287","win","356.99","poker"
"795","99676287","bet","405.23","poker"
"796","99676287","bet","284.75","roulette"
"797","2193418","win","131.58","blackjack"
"798","75698413","bet","495.7","roulette"
"799","1584178","bet","109.46","blackjack"
"800","99676287","bet","192.41","poker"
"801","9413831","win","10.52","blackjack"
"802","56981246","bet","168.71","blackjack"
"803","1584178","bet","203.86","blackjack"
"804","99676287","bet","234.66","poker"
"805","99676287","bet","369.76","poker"
"806","2193418","bet","443.81","poker"
"807","2356984","bet","423.46","blackjack"
"808","8642198","bet","474.58","blackjack"
"809","195678","win","426.83","blackjack"
"810","195678","bet","361.53","blackjack"
"811","33224346","bet","168.2","blackjack"
"812","105893","bet","400.91","poker"
"813","9413831","bet","163.08","poker"
"814","5024359","win","360.58","poker"
"815","7598314","bet","286.44","poker"
"816","14274736","bet","325.6","blackjack"
"817","8642198","win","453.19","poker"
"818","105893","bet","191.54","roulette"
"819","99676287","bet","360.58","poker"
"820","5024359","bet","491.41","roulette"
"821","8642198","bet","368.81","poker"
"822","99676287","bet","376.07","roulette"
"823","4523409","bet","214.33","poker"
"824","99676287","win","341.28","blackjack"
"825","2356984","bet","226.57","poker"
"826","32659745","bet","376.76","blackjack"
"827","14274736","bet","289.82","poker"
"828","195678","bet","56.2","blackjack"
"829","14274736","bet","191.99","poker"
"830","75698413","bet","77.41","poker"
"831","4117341","bet","218.41","poker"
"832","4117341","bet","424.61","blackjack"
"833","14274736","bet","1.35","poker"
"834","852334","bet","386.6","blackjack"
"835","195678","bet","305.92","poker"
"836","4117341","win","85.9","blackjack"
"837","9029506","bet","491.74","poker"
"838","2356984","bet","344.63","blackjack"
"839","3654782","bet","117.42","blackjack"
"840","4117341","bet","483.83","poker"
"841","4117341","bet","478.4","blackjack"
"842","9147566","bet","85.33","poker"
"843","75698413","bet","238.52","poker"
"844","14274736","bet","481.51","poker"
"845","14274736","win","140.46","blackjack"
"846","9147566","bet","480.33","blackjack"
"847","2356984","bet","221.02","roulette"
"848","9147566","bet","286.18","poker"
"849","4117341","bet","4.18","poker"
"850","4117341","bet","62.08","poker"
"851","4117341","win","402.88","roulette"
"852","9147566","bet","187.14","poker"
"853","195678","bet","134.45","blackjack"
"854","56981246","bet","490.11","poker"
"855","75698413","bet","156.9","blackjack"
"856","9147566","bet","48.07","blackjack"
"857","4117341","bet","101.77","blackjack"
"858","9413831","bet","269.18","poker"
"859","56981246","bet","107.82","poker"
"860","4523409","bet","230.59","poker"
"861","9147566","bet","176.29","blackjack"
"862","1584178","win","446.9","blackjack"
"863","2193418","bet","244.02","blackjack"
"864","2193418","bet","126.16","roulette"
"865","5000","bet","270.54","blackjack"
"866","195678","bet","217.99","poker"
"867","14274736","bet","126.5","blackjack"
"868","33224346","bet","366.61","blackjack"
"869","105893","bet","174.77","poker"
"870","5000","bet","476.97","poker"
"871","105893","bet","114.67","poker"
"872","7598314","bet","283.13","blackjack"
"873","8691338","bet","320.2","poker"
"874","8642198","bet","318.73","blackjack"
"875","5000","bet","309.85","blackjack"
"876","4117341","bet","369.38","roulette"
"877","5024359","win","36.1","blackjack"
"878","3654782","bet","406.7","poker"
"879","4117341","bet","209.71","poker"
"880","5000","bet","226.81","poker"
"881","4117341","win","481.2","poker"
"882","3654782","bet","207.14","blackjack"
"883","8691338","bet","103.64","poker"
"884","32659745","bet","326.86","poker"
"885","5000","bet","367.75","poker"
"886","8691338","win","269.89","poker"
"887","195678","win","464.03","roulette"
"888","8691338","bet","384.14","poker"
"889","8691338","bet","315.54","poker"
"890","5000","win","27.56","roulette"
"891","8691338","win","478.88","roulette"
"892","852334","bet","170.53","poker"
"893","3654782","win","306.48","blackjack"
"894","9029506","bet","157.97","blackjack"
"895","5000","bet","436.04","blackjack"
"896","3654782","win","123.45","blackjack"
"897","14274736","win","469.8","roulette"
"898","8691338","bet","235.02","poker"
"899","8691338","bet","203.7","poker"
"900","14274736","bet","211.77","poker"
"901","14274736","bet","268.37","poker"
"902","5000","bet","154.17","poker"
"903","9147566","bet","439.09","poker"
"904","2356984","bet","123.61","blackjack"
"905","8691338","bet","263.6","blackjack"
"906","9147566","bet","461.92","poker"
"907","8691338","bet","46.12","poker"
"908","5000","bet","338.93","poker"
"909","9147566","bet","384.89","poker"
"910","8691338","bet","430.16","poker"
"911","56981246","bet","485.74","roulette"
"912","75698413","bet","405.06","poker"
"913","9147566","bet","214.02","roulette"
"914","8691338","bet","104.56","poker"
"915","5000","win","454.17","blackjack"
"916","4523409","bet","450.3","roulette"
"917","9413831","win","64.11","poker"
"918","9147566","bet","88.23","roulette"
"919","1584178","bet","4.39","poker"
"920","5000","win","448.11","poker"
"921","2193418","bet","68.77","poker"
"922","8691338","win","79.37","poker"
"923","195678","win","177.22","blackjack"
"924","14274736","bet","489.2","poker"
"925","5000","bet","264.7","poker"
"926","33224346","win","114.29","poker"
"927","105893","bet","265.54","poker"
"928","105893","bet","200.83","blackjack"
"929","7598314","bet","63.09","poker"
"930","5000","win","457.85","roulette"
"931","5000","bet","363.68","blackjack"
"932","8642198","bet","362.41","poker"
"933","8642198","win","271.01","blackjack"
"934","5024359","bet","17.23","blackjack"
"935","3654782","bet","366.41","roulette"
"936","852334","bet","371.36","poker"
"937","32659745","bet","425.54","blackjack"
"938","5000","bet","239.41","blackjack"
"939","14274736","bet","150.77","roulette"
"940","8691338","bet","159.76","blackjack"
"941","32659745","bet","31.43","blackjack"
"942","8691338","bet","456.9","poker"
"943","7598314","bet","272.87","roulette"
"944","14274736","bet","8.23","blackjack"
"945","195678","win","80.41","roulette"
"946","8691338","win","473.08","roulette"
"947","8691338","win","262.83","roulette"
"948","14274736","bet","426.76","poker"
"949","852334","bet","179.39","blackjack"
"950","75698413","bet","494.9","roulette"
"951","9029506","bet","130.38","poker"
"952","75698413","bet","272.3","poker"
"953","5000","bet","74.64","blackjack"
"954","14274736","win","172.08","poker"
"955","14274736","win","490.84","blackjack"
"956","854397","bet","57.49","poker"
"957","14274736","bet","243.33","poker"
"958","14274736","bet","429.07","poker"
"959","5000","bet","26.97","poker"
"960","9147566","bet","137.57","blackjack"
"961","2356984","bet","219.64","blackjack"
"962","14274736","bet","195.49","poker"
"963","1584178","win","171.6","poker"
"964","5000","bet","212.29","poker"
"965","1584178","win","347.81","roulette"
"966","9147566","win","249.75","poker"
"967","75698413","bet","296.06","blackjack"
"968","7598314","bet","179.31","poker"
"969","56981246","bet","72.43","blackjack"
"970","9147566","win","34.45","poker"
"971","9147566","bet","57.99","poker"
"972","5000","bet","355.62","blackjack"
"973","4523409","win","76.17","poker"
"974","9413831","bet","472.33","blackjack"
"975","9147566","bet","124.98","poker"
"976","5000","bet","193.25","blackjack"
"977","2193418","bet","402.24","blackjack"
"978","7598314","bet","404.02","roulette"
"979","9147566","bet","160.42","blackjack"
"980","195678","bet","93.05","blackjack"
"981","5000","bet","387.41","blackjack"
"982","2193418","bet","267.29","poker"
"983","33224346","win","478.23","roulette"
"984","8642198","bet","104.08","blackjack"
"985","105893","bet","131.03","poker"
"986","7598314","bet","76.15","poker"
"987","5000","bet","58.48","poker"
"988","852334","bet","452.25","poker"
"989","5024359","bet","143.09","poker"
"990","8642198","bet","9.62","poker"
"991","56981246","win","227.47","poker"
"992","5000","bet","466.82","blackjack"
"993","3654782","bet","376.74","blackjack"
"994","32659745","bet","72.28","blackjack"
"995","75698413","bet","102.53","blackjack"
"996","75698413","bet","372.57","roulette"
"997","9413831","win","433.13","poker"
"998","56981246","bet","268.03","roulette"
"999","9413831","bet","164.74","blackjack"
"1000","5000","bet","153.95","poker"
"1001","654789","win","227.47","poker"
"1002","951753","bet","466.82","blackjack"
"1003","654789","bet","376.74","blackjack"
"1004","951753","bet","72.28","blackjack"
"1005","654789","bet","102.53","blackjack"
"1006","951753","bet","372.57","roulette"
